{
    "loss": 1.3915718793869019,
    "accuracy": 0.19166666269302368
}