{
    "loss": 0.4460182189941406,
    "accuracy": 0.9750000238418579
}